-- phpMyAdmin SQL Dump
-- version 4.7.9
-- https://www.phpmyadmin.net/
--
-- Host: 127.0.0.1:3306
-- Generation Time: Aug 21, 2018 at 08:35 AM
-- Server version: 5.7.21
-- PHP Version: 5.6.35

SET SQL_MODE = "NO_AUTO_VALUE_ON_ZERO";
SET AUTOCOMMIT = 0;
START TRANSACTION;
SET time_zone = "+00:00";


/*!40101 SET @OLD_CHARACTER_SET_CLIENT=@@CHARACTER_SET_CLIENT */;
/*!40101 SET @OLD_CHARACTER_SET_RESULTS=@@CHARACTER_SET_RESULTS */;
/*!40101 SET @OLD_COLLATION_CONNECTION=@@COLLATION_CONNECTION */;
/*!40101 SET NAMES utf8mb4 */;

--
-- Database: `ems`
--

-- --------------------------------------------------------

--
-- Table structure for table `back`
--

DROP TABLE IF EXISTS `back`;
CREATE TABLE IF NOT EXISTS `back` (
  `regno` bigint(20) NOT NULL,
  `subjectcode` varchar(8) NOT NULL
) ENGINE=MyISAM DEFAULT CHARSET=latin1;

--
-- Dumping data for table `back`
--

INSERT INTO `back` (`regno`, `subjectcode`) VALUES
(159105157, 'CS1501'),
(159105160, 'CS1501');

-- --------------------------------------------------------

--
-- Table structure for table `classroom`
--

DROP TABLE IF EXISTS `classroom`;
CREATE TABLE IF NOT EXISTS `classroom` (
  `roomno` varchar(10) NOT NULL,
  `seatingcapacity` int(3) NOT NULL DEFAULT '3',
  PRIMARY KEY (`roomno`)
) ENGINE=MyISAM DEFAULT CHARSET=latin1;

--
-- Dumping data for table `classroom`
--

INSERT INTO `classroom` (`roomno`, `seatingcapacity`) VALUES
('121 1ab', 3),
('1221ab', 3),
('1231ab', 3),
('1241ab', 3),
('1251ab', 3),
('3101ab', 3),
('3111ab', 3),
('3121ab', 3),
('3131ab', 3),
('3141ab', 3);

-- --------------------------------------------------------

--
-- Table structure for table `exam`
--

DROP TABLE IF EXISTS `exam`;
CREATE TABLE IF NOT EXISTS `exam` (
  `regno` bigint(20) NOT NULL,
  `sno` int(11) DEFAULT NULL
) ENGINE=MyISAM DEFAULT CHARSET=latin1;

--
-- Dumping data for table `exam`
--

INSERT INTO `exam` (`regno`, `sno`) VALUES
(159105160, 1303),
(159105157, 1303),
(159108125, 1303),
(169105222, 1303),
(169105189, 1304),
(169105188, 1304),
(169105187, 1304),
(169105186, 1304),
(169105221, 1304),
(169105220, 1304),
(169105218, 1304),
(169105217, 1304),
(169105216, 1304),
(169105215, 1304),
(169105212, 1304),
(169105211, 1304),
(169105210, 1304),
(169105209, 1304),
(169105208, 1304),
(169107181, 1304),
(169105207, 1304),
(169105206, 1304),
(169105202, 1304),
(169105201, 1304),
(169105200, 1304),
(169105199, 1304),
(169105161, 1305),
(169105160, 1305),
(169110059, 1305),
(169105198, 1304),
(169105197, 1304),
(169105196, 1304),
(169105195, 1304),
(169105231, 1305),
(169105185, 1305),
(169105183, 1305),
(169105182, 1305),
(169105181, 1305),
(169105180, 1305),
(169105179, 1305),
(169105178, 1305),
(169105177, 1305),
(169105225, 1305),
(169105176, 1305),
(169105193, 1304),
(169105192, 1304),
(169105191, 1304),
(169105175, 1305),
(169105122, 1306),
(169105190, 1304),
(169105121, 1306),
(169105120, 1306),
(169105119, 1306),
(169105173, 1305),
(169105172, 1305),
(169105171, 1305),
(169105170, 1305),
(169105169, 1305),
(169105168, 1305),
(169105159, 1306),
(169105158, 1306),
(169105205, 1305),
(169105157, 1306),
(169105156, 1306),
(169105155, 1306),
(169105153, 1306),
(169105228, 1306),
(169105152, 1306),
(169105151, 1306),
(169105233, 1305),
(169105038, 1305),
(169105167, 1305),
(169105226, 1305),
(169105166, 1305),
(169105150, 1306),
(169105139, 1306),
(169105138, 1306),
(169105137, 1306),
(169105136, 1306),
(169105135, 1306),
(169105133, 1306),
(169108106, 1306),
(169105132, 1306),
(169105131, 1306),
(169105130, 1306),
(169105128, 1306),
(169105127, 1306),
(169105126, 1306),
(169108102, 1306),
(169105125, 1306),
(169105092, 1307),
(169105123, 1306),
(169105091, 1307),
(169105090, 1307),
(169105089, 1307),
(169105165, 1305),
(169105163, 1305),
(169105162, 1305),
(169105118, 1307),
(169105117, 1307),
(169105227, 1307),
(169108080, 1307),
(169108108, 1307),
(169105116, 1307),
(169105115, 1307),
(169105113, 1307),
(169105112, 1307),
(169105111, 1307),
(169105110, 1307),
(169105108, 1307),
(169105107, 1307),
(169105106, 1307),
(169105105, 1307),
(169105103, 1307),
(169105102, 1307),
(169105101, 1307),
(169105100, 1307),
(169105099, 1307),
(169105098, 1307),
(169105097, 1307),
(169105096, 1307),
(169105230, 1307),
(169105095, 1307),
(169105093, 1307),
(169105059, 1308),
(169108035, 1308),
(169107185, 1308),
(169108152, 1308),
(169105088, 1308),
(169105087, 1308),
(169105086, 1308),
(169108063, 1308),
(169105232, 1308),
(169105085, 1308),
(169105083, 1308),
(169105082, 1308),
(169105081, 1308),
(169105080, 1308),
(169105079, 1308),
(169105078, 1308),
(169105077, 1308),
(169105076, 1308),
(169105075, 1308),
(169105073, 1308),
(169105072, 1308),
(169105070, 1308),
(169105069, 1308),
(169105068, 1308),
(169105066, 1308),
(169105065, 1308),
(169105063, 1308),
(169105062, 1308),
(169105061, 1308),
(169105060, 1308),
(169105032, 1309),
(169109023, 1309),
(169105031, 1309),
(169105030, 1309),
(169105067, 1309),
(169105058, 1309),
(169105057, 1309),
(169105056, 1309),
(169105055, 1309),
(169105054, 1309),
(169105053, 1309),
(169105052, 1309),
(169105051, 1309),
(169105050, 1309),
(169105049, 1309),
(169105048, 1309),
(169105047, 1309),
(169105046, 1309),
(169105045, 1309),
(169105043, 1309),
(169108030, 1309),
(169108029, 1309),
(169105042, 1309),
(169105041, 1309),
(169105040, 1309),
(169105039, 1309),
(169105037, 1309),
(169105035, 1309),
(169105034, 1309),
(169105033, 1309),
(169105005, 1310),
(169105004, 1310),
(169105002, 1310),
(169105001, 1310),
(169108019, 1310),
(169105229, 1310),
(169105029, 1310),
(169105028, 1310),
(169105027, 1310),
(169105026, 1310),
(169105025, 1310),
(169105024, 1310),
(169105023, 1310),
(169105022, 1310),
(169105021, 1310),
(169105020, 1310),
(169105019, 1310),
(169105018, 1310),
(169105017, 1310),
(169105016, 1310),
(169105015, 1310),
(169105014, 1310),
(169105013, 1310),
(169105012, 1310),
(169105011, 1310),
(169105010, 1310),
(169105009, 1310),
(169105008, 1310),
(169105007, 1310),
(169105006, 1310),
(159108125, 1311),
(169105222, 1311),
(169105187, 1312),
(169105186, 1312),
(169105221, 1312),
(169105220, 1312),
(169105218, 1312),
(169105217, 1312),
(169105216, 1312),
(169105215, 1312),
(169105212, 1312),
(169105211, 1312),
(169105210, 1312),
(169105209, 1312),
(169105208, 1312),
(169107181, 1312),
(169105207, 1312),
(169105206, 1312),
(169105202, 1312),
(169105201, 1312),
(169105200, 1312),
(169105199, 1312),
(169105198, 1312),
(169105197, 1312),
(169105196, 1312),
(169105195, 1312),
(169105193, 1312),
(169105192, 1312),
(169105191, 1312),
(169105190, 1312),
(169105189, 1312),
(169105188, 1312),
(169110059, 1313),
(169105231, 1313),
(169105185, 1313),
(169105183, 1313),
(169105182, 1313),
(169105181, 1313),
(169105180, 1313),
(169105179, 1313),
(169105178, 1313),
(169105177, 1313),
(169105225, 1313),
(169105176, 1313),
(169105175, 1313),
(169105173, 1313),
(169105172, 1313),
(169105171, 1313),
(169105170, 1313),
(169105169, 1313),
(169105168, 1313),
(169105205, 1313),
(169105233, 1313),
(169105038, 1313),
(169105167, 1313),
(169105226, 1313),
(169105166, 1313),
(169105165, 1313),
(169105163, 1313),
(169105162, 1313),
(169105161, 1313),
(169105160, 1313),
(169105120, 1314),
(169105119, 1314),
(169105159, 1314),
(169105158, 1314),
(169105157, 1314),
(169105156, 1314),
(169105155, 1314),
(169105153, 1314),
(169105228, 1314),
(169105152, 1314),
(169105151, 1314),
(169105150, 1314),
(169105139, 1314),
(169105138, 1314),
(169105137, 1314),
(169105136, 1314),
(169105135, 1314),
(169105133, 1314),
(169108106, 1314),
(169105132, 1314),
(169105131, 1314),
(169105130, 1314),
(169105128, 1314),
(169105127, 1314),
(169105126, 1314),
(169108102, 1314),
(169105125, 1314),
(169105123, 1314),
(169105122, 1314),
(169105121, 1314),
(169105090, 1315),
(169105089, 1315),
(169105118, 1315),
(169105117, 1315),
(169105227, 1315),
(169108080, 1315),
(169108108, 1315),
(169105116, 1315),
(169105115, 1315),
(169105113, 1315),
(169105112, 1315),
(169105111, 1315),
(169105110, 1315),
(169105108, 1315),
(169105107, 1315),
(169105106, 1315),
(169105105, 1315),
(169105103, 1315),
(169105102, 1315),
(169105101, 1315),
(169105100, 1315),
(169105099, 1315),
(169105098, 1315),
(169105097, 1315),
(169105096, 1315),
(169105230, 1315),
(169105095, 1315),
(169105093, 1315),
(169105092, 1315),
(169105091, 1315),
(169107185, 1316),
(169108152, 1316),
(169105088, 1316),
(169105087, 1316),
(169105086, 1316),
(169108063, 1316),
(169105232, 1316),
(169105085, 1316),
(169105083, 1316),
(169105082, 1316),
(169105081, 1316),
(169105080, 1316),
(169105079, 1316),
(169105078, 1316),
(169105077, 1316),
(169105076, 1316),
(169105075, 1316),
(169105073, 1316),
(169105072, 1316),
(169105070, 1316),
(169105069, 1316),
(169105068, 1316),
(169105066, 1316),
(169105065, 1316),
(169105063, 1316),
(169105062, 1316),
(169105061, 1316),
(169105060, 1316),
(169105059, 1316),
(169108035, 1316),
(169105031, 1317),
(169105030, 1317),
(169105067, 1317),
(169105058, 1317),
(169105057, 1317),
(169105056, 1317),
(169105055, 1317),
(169105054, 1317),
(169105053, 1317),
(169105052, 1317),
(169105051, 1317),
(169105050, 1317),
(169105049, 1317),
(169105048, 1317),
(169105047, 1317),
(169105046, 1317),
(169105045, 1317),
(169105043, 1317),
(169108030, 1317),
(169108029, 1317),
(169105042, 1317),
(169105041, 1317),
(169105040, 1317),
(169105039, 1317),
(169105037, 1317),
(169105035, 1317),
(169105034, 1317),
(169105033, 1317),
(169105032, 1317),
(169109023, 1317),
(169105002, 1318),
(169105001, 1318),
(169108019, 1318),
(169105229, 1318),
(169105029, 1318),
(169105028, 1318),
(169105027, 1318),
(169105026, 1318),
(169105025, 1318),
(169105024, 1318),
(169105023, 1318),
(169105022, 1318),
(169105021, 1318),
(169105020, 1318),
(169105019, 1318),
(169105018, 1318),
(169105017, 1318),
(169105016, 1318),
(169105015, 1318),
(169105014, 1318),
(169105013, 1318),
(169105012, 1318),
(169105011, 1318),
(169105010, 1318),
(169105009, 1318),
(169105008, 1318),
(169105007, 1318),
(169105006, 1318),
(169105005, 1318),
(169105004, 1318),
(169107185, 1332),
(169108152, 1332),
(169105031, 1333),
(169105030, 1333),
(169105067, 1333),
(169105058, 1333),
(169105057, 1333),
(169105056, 1333),
(169105055, 1333),
(169105054, 1333),
(169105053, 1333),
(169105052, 1333),
(169105051, 1333),
(169105050, 1333),
(169105049, 1333),
(169105048, 1333),
(169105047, 1333),
(169105046, 1333),
(169105045, 1333),
(169105043, 1333),
(169108030, 1333),
(169108029, 1333),
(169105042, 1333),
(169105041, 1333),
(169105040, 1333),
(169105039, 1333),
(169105037, 1333),
(169105035, 1333),
(169105034, 1333),
(169105033, 1333),
(169105032, 1333),
(169109023, 1333),
(169105002, 1334),
(169105001, 1334),
(169108019, 1334),
(169105229, 1334),
(169105029, 1334),
(169105028, 1334),
(169105027, 1334),
(169105026, 1334),
(169105025, 1334),
(169105024, 1334),
(169105023, 1334),
(169105022, 1334),
(169105021, 1334),
(169105020, 1334),
(169105019, 1334),
(169105018, 1334),
(169105017, 1334),
(169105016, 1334),
(169105015, 1334),
(169105014, 1334),
(169105013, 1334),
(169105012, 1334),
(169105011, 1334),
(169105010, 1334),
(169105009, 1334),
(169105008, 1334),
(169105007, 1334),
(169105006, 1334),
(169105005, 1334),
(169105004, 1334),
(159108125, 1319),
(169105222, 1319),
(169105187, 1320),
(169105186, 1320),
(169105221, 1320),
(169105220, 1320),
(169105218, 1320),
(169105217, 1320),
(169105216, 1320),
(169105215, 1320),
(169105212, 1320),
(169105211, 1320),
(169105210, 1320),
(169105209, 1320),
(169105208, 1320),
(169107181, 1320),
(169105207, 1320),
(169105206, 1320),
(169105202, 1320),
(169105201, 1320),
(169105200, 1320),
(169105199, 1320),
(169105198, 1320),
(169105197, 1320),
(169105196, 1320),
(169105195, 1320),
(169105193, 1320),
(169105192, 1320),
(169105191, 1320),
(169105190, 1320),
(169105189, 1320),
(169105188, 1320),
(169110059, 1321),
(169105231, 1321),
(169105185, 1321),
(169105183, 1321),
(169105182, 1321),
(169105181, 1321),
(169105180, 1321),
(169105179, 1321),
(169105178, 1321),
(169105177, 1321),
(169105225, 1321),
(169105176, 1321),
(169105175, 1321),
(169105173, 1321),
(169105172, 1321),
(169105171, 1321),
(169105170, 1321),
(169105169, 1321),
(169105168, 1321),
(169105205, 1321),
(169105233, 1321),
(169105038, 1321),
(169105167, 1321),
(169105226, 1321),
(169105166, 1321),
(169105165, 1321),
(169105090, 1323),
(169105089, 1323),
(169107185, 1324),
(169108152, 1324),
(169105088, 1324),
(169105087, 1324),
(169105086, 1324),
(169108063, 1324),
(169105232, 1324),
(169105085, 1324),
(169105083, 1324),
(169105082, 1324),
(169105081, 1324),
(169105080, 1324),
(169105079, 1324),
(169105078, 1324),
(169105077, 1324),
(169105076, 1324),
(169105075, 1324),
(169105073, 1324),
(169105072, 1324),
(169105070, 1324),
(169105069, 1324),
(169105068, 1324),
(169105066, 1324),
(169105065, 1324),
(169105063, 1324),
(169105062, 1324),
(169105061, 1324),
(169105060, 1324),
(169105059, 1324),
(169108035, 1324),
(169105031, 1325),
(169105030, 1325),
(169105067, 1325),
(169105058, 1325),
(169105057, 1325),
(169105056, 1325),
(169105055, 1325),
(169105054, 1325),
(169105053, 1325),
(169105052, 1325),
(169105051, 1325),
(169105050, 1325),
(169105049, 1325),
(169105048, 1325),
(169105047, 1325),
(169105046, 1325),
(169105045, 1325),
(169105043, 1325),
(169108030, 1325),
(169108029, 1325),
(169105042, 1325),
(169105041, 1325),
(169105040, 1325),
(169105039, 1325),
(169105037, 1325),
(169105035, 1325),
(169105034, 1325),
(169105033, 1325),
(169105032, 1325),
(169109023, 1325),
(169105002, 1326),
(169105001, 1326),
(169108019, 1326),
(169105229, 1326),
(169105029, 1326),
(169105028, 1326),
(169105027, 1326),
(169105026, 1326),
(169105025, 1326),
(169105024, 1326),
(169105023, 1326),
(169105022, 1326),
(169105021, 1326),
(169105020, 1326),
(169105019, 1326),
(169105018, 1326),
(169105017, 1326),
(169105016, 1326),
(169105015, 1326),
(169105014, 1326),
(169105013, 1326),
(169105012, 1326),
(169105011, 1326),
(169105010, 1326),
(169105009, 1326),
(169105008, 1326),
(169105007, 1326),
(169105006, 1326),
(169105005, 1326),
(169105004, 1326),
(159108125, 1327),
(169105222, 1327),
(169105187, 1328),
(169105186, 1328),
(169105221, 1328),
(169105220, 1328),
(169105218, 1328),
(169105217, 1328),
(169105216, 1328),
(169105215, 1328),
(169105212, 1328),
(169105211, 1328),
(169105210, 1328),
(169105209, 1328),
(169105208, 1328),
(169107181, 1328),
(169105207, 1328),
(169105206, 1328),
(169105202, 1328),
(169105201, 1328),
(169105200, 1328),
(169105199, 1328),
(169105198, 1328),
(169105197, 1328),
(169105196, 1328),
(169105195, 1328),
(169105193, 1328),
(169105192, 1328),
(169105191, 1328),
(169105190, 1328),
(169105189, 1328),
(169105188, 1328),
(169110059, 1329),
(169105231, 1329),
(169105185, 1329),
(169105183, 1329),
(169105182, 1329),
(169105181, 1329),
(169105180, 1329),
(169105179, 1329),
(169105178, 1329),
(169105177, 1329),
(169105225, 1329),
(169105176, 1329),
(169105175, 1329),
(169105173, 1329),
(169105172, 1329),
(169105171, 1329),
(169105170, 1329),
(169105169, 1329),
(169105168, 1329),
(169105205, 1329),
(169105233, 1329),
(169105038, 1329),
(169105167, 1329),
(169105226, 1329),
(169105166, 1329),
(169105165, 1329),
(169105163, 1329),
(169105162, 1329),
(169105161, 1329),
(169105160, 1329),
(169105120, 1330),
(169105119, 1330),
(169105159, 1330),
(169105158, 1330),
(169105157, 1330),
(169105156, 1330),
(169105155, 1330),
(169105153, 1330),
(169105228, 1330),
(169105152, 1330),
(169105151, 1330),
(169105150, 1330),
(169105139, 1330),
(169105138, 1330),
(169105137, 1330),
(169105136, 1330),
(169105135, 1330),
(169105133, 1330),
(169108106, 1330),
(169105132, 1330),
(169105131, 1330),
(169105130, 1330),
(169105128, 1330),
(169105127, 1330),
(169105126, 1330),
(169108102, 1330),
(169105125, 1330),
(169105123, 1330),
(169105122, 1330),
(169105121, 1330),
(169105090, 1331),
(169105089, 1331),
(169105118, 1331),
(169105117, 1331),
(169105227, 1331),
(169108080, 1331),
(169108108, 1331),
(169105116, 1331),
(169105115, 1331),
(169105113, 1331),
(169105112, 1331),
(169105111, 1331),
(169105110, 1331),
(169105108, 1331),
(169105107, 1331),
(169105106, 1331),
(169105105, 1331),
(169105103, 1331),
(169105102, 1331),
(169105101, 1331),
(169105100, 1331),
(169105099, 1331),
(169105098, 1331),
(169105097, 1331),
(169105096, 1331),
(169105230, 1331),
(169105095, 1331),
(169105093, 1331),
(169105092, 1331),
(169105091, 1331),
(169105088, 1332),
(169105087, 1332),
(169105086, 1332),
(169108063, 1332),
(169105232, 1332),
(169105085, 1332),
(169105083, 1332),
(169105082, 1332),
(169105081, 1332),
(169105080, 1332),
(169105079, 1332),
(169105078, 1332),
(169105077, 1332),
(169105076, 1332),
(169105075, 1332),
(169105073, 1332),
(169105072, 1332),
(169105070, 1332),
(169105069, 1332),
(169105068, 1332),
(169105066, 1332),
(169105065, 1332),
(169105063, 1332),
(169105062, 1332),
(169105061, 1332),
(169105060, 1332),
(169105059, 1332),
(169108035, 1332),
(169105163, 1321),
(169105162, 1321),
(169105161, 1321),
(169105160, 1321),
(169105120, 1322),
(169105119, 1322),
(169105159, 1322),
(169105158, 1322),
(169105157, 1322),
(169105156, 1322),
(169105155, 1322),
(169105153, 1322),
(169105228, 1322),
(169105152, 1322),
(169105151, 1322),
(169105150, 1322),
(169105139, 1322),
(169105138, 1322),
(169105137, 1322),
(169105136, 1322),
(169105135, 1322),
(169105133, 1322),
(169108106, 1322),
(169105132, 1322),
(169105131, 1322),
(169105130, 1322),
(169105128, 1322),
(169105127, 1322),
(169105126, 1322),
(169108102, 1322),
(169105125, 1322),
(169105123, 1322),
(169105122, 1322),
(169105121, 1322),
(169105118, 1323),
(169105117, 1323),
(169105227, 1323),
(169108080, 1323),
(169108108, 1323),
(169105116, 1323),
(169105115, 1323),
(169105113, 1323),
(169105112, 1323),
(169105111, 1323),
(169105110, 1323),
(169105108, 1323),
(169105107, 1323),
(169105106, 1323),
(169105105, 1323),
(169105103, 1323),
(169105102, 1323),
(169105101, 1323),
(169105100, 1323),
(169105099, 1323),
(169105098, 1323),
(169105097, 1323),
(169105096, 1323),
(169105230, 1323),
(169105095, 1323),
(169105093, 1323),
(169105092, 1323),
(169105091, 1323);

-- --------------------------------------------------------

--
-- Table structure for table `session`
--

DROP TABLE IF EXISTS `session`;
CREATE TABLE IF NOT EXISTS `session` (
  `sno` int(11) NOT NULL AUTO_INCREMENT,
  `date` date NOT NULL,
  `coursecode` varchar(8) NOT NULL,
  `roomno` varchar(10) DEFAULT NULL,
  `begining` time NOT NULL,
  `ending` time NOT NULL,
  `invig_duty` int(11) DEFAULT NULL,
  `rel_duty` int(11) DEFAULT NULL,
  PRIMARY KEY (`sno`)
) ENGINE=MyISAM AUTO_INCREMENT=1335 DEFAULT CHARSET=latin1;

--
-- Dumping data for table `session`
--

INSERT INTO `session` (`sno`, `date`, `coursecode`, `roomno`, `begining`, `ending`, `invig_duty`, `rel_duty`) VALUES
(1334, '2018-08-25', 'CS1505', '121 1ab', '15:30:00', '16:30:00', 6, NULL),
(1333, '2018-08-25', 'CS1505', '1221ab', '15:30:00', '16:30:00', 10, NULL),
(1332, '2018-08-25', 'CS1505', '1231ab', '15:30:00', '16:30:00', 7, NULL),
(1331, '2018-08-25', 'CS1505', '1241ab', '15:30:00', '16:30:00', 5, NULL),
(1330, '2018-08-25', 'CS1505', '1251ab', '15:30:00', '16:30:00', 2, NULL),
(1329, '2018-08-25', 'CS1505', '3101ab', '15:30:00', '16:30:00', 1, NULL),
(1328, '2018-08-25', 'CS1505', '3111ab', '15:30:00', '16:30:00', 4, NULL),
(1327, '2018-08-25', 'CS1505', '3121ab', '15:30:00', '16:30:00', 3, NULL),
(1326, '2018-08-25', 'CS1504', '121 1ab', '11:45:00', '12:45:00', 6, NULL),
(1325, '2018-08-25', 'CS1504', '1221ab', '11:45:00', '12:45:00', 10, NULL),
(1324, '2018-08-25', 'CS1504', '1231ab', '11:45:00', '12:45:00', 7, NULL),
(1323, '2018-08-25', 'CS1504', '1241ab', '11:45:00', '12:45:00', 5, NULL),
(1322, '2018-08-25', 'CS1504', '1251ab', '11:45:00', '12:45:00', 2, NULL),
(1321, '2018-08-25', 'CS1504', '3101ab', '11:45:00', '12:45:00', 1, NULL),
(1320, '2018-08-25', 'CS1504', '3111ab', '11:45:00', '12:45:00', 4, NULL),
(1319, '2018-08-25', 'CS1504', '3121ab', '11:45:00', '12:45:00', 3, NULL),
(1318, '2018-08-24', 'CS1502', '121 1ab', '15:30:00', '16:30:00', 6, NULL),
(1317, '2018-08-24', 'CS1502', '1221ab', '15:30:00', '16:30:00', 10, NULL),
(1316, '2018-08-24', 'CS1502', '1231ab', '15:30:00', '16:30:00', 7, NULL),
(1315, '2018-08-24', 'CS1502', '1241ab', '15:30:00', '16:30:00', 5, NULL),
(1314, '2018-08-24', 'CS1502', '1251ab', '15:30:00', '16:30:00', 2, NULL),
(1313, '2018-08-24', 'CS1502', '3101ab', '15:30:00', '16:30:00', 1, NULL),
(1312, '2018-08-24', 'CS1502', '3111ab', '15:30:00', '16:30:00', 4, NULL),
(1311, '2018-08-24', 'CS1502', '3121ab', '15:30:00', '16:30:00', 3, NULL),
(1310, '2018-08-24', 'CS1501', '121 1ab', '11:45:00', '12:45:00', 6, NULL),
(1309, '2018-08-24', 'CS1501', '1221ab', '11:45:00', '12:45:00', 10, NULL),
(1308, '2018-08-24', 'CS1501', '1231ab', '11:45:00', '12:45:00', 7, NULL),
(1307, '2018-08-24', 'CS1501', '1241ab', '11:45:00', '12:45:00', 5, NULL),
(1306, '2018-08-24', 'CS1501', '1251ab', '11:45:00', '12:45:00', 2, NULL),
(1305, '2018-08-24', 'CS1501', '3101ab', '11:45:00', '12:45:00', 1, NULL),
(1304, '2018-08-24', 'CS1501', '3111ab', '11:45:00', '12:45:00', 4, NULL),
(1303, '2018-08-24', 'CS1501', '3121ab', '11:45:00', '12:45:00', 3, NULL);

--
-- Triggers `session`
--
DROP TRIGGER IF EXISTS `Cascade`;
DELIMITER $$
CREATE TRIGGER `Cascade` AFTER DELETE ON `session` FOR EACH ROW UPDATE teacher set noofduties=noofduties-1 where fno=old.invig_duty
$$
DELIMITER ;
DROP TRIGGER IF EXISTS `Cascade1`;
DELIMITER $$
CREATE TRIGGER `Cascade1` AFTER DELETE ON `session` FOR EACH ROW DELETE FROM exam WHERE sno=old.sno
$$
DELIMITER ;

-- --------------------------------------------------------

--
-- Table structure for table `student`
--

DROP TABLE IF EXISTS `student`;
CREATE TABLE IF NOT EXISTS `student` (
  `regno` bigint(20) NOT NULL,
  `name` char(40) NOT NULL,
  `section` varchar(6) NOT NULL,
  `semister` int(1) NOT NULL,
  `DE` varchar(8) DEFAULT NULL,
  PRIMARY KEY (`regno`)
) ENGINE=MyISAM DEFAULT CHARSET=latin1;

--
-- Dumping data for table `student`
--

INSERT INTO `student` (`regno`, `name`, `section`, `semister`, `DE`) VALUES
(169105001, 'A SHIKHAR', 'CSE5A', 5, NULL),
(169105002, 'AADWAY SINHA', 'CSE5A', 5, NULL),
(169105004, 'ABHIMANYU RANA', 'CSE5A', 5, NULL),
(169105005, 'ABHINAV GNYANU MURTHY BHARADWAJ', 'CSE5A', 5, NULL),
(169105006, 'ABHINAV MISHRA', 'CSE5A', 5, NULL),
(169105007, 'ABHINAV RITURAJ', 'CSE5A', 5, NULL),
(169105008, 'ABHISHEK ARVIND PANDEY', 'CSE5A', 5, NULL),
(169105009, 'ABHISHEK HANDA', 'CSE5A', 5, NULL),
(169105010, 'ABHISHEK KHATRI', 'CSE5A', 5, NULL),
(169105011, 'ABHISHEK VERMA', 'CSE5A', 5, NULL),
(169105012, 'ABHYUDAY PUROHIT', 'CSE5A', 5, NULL),
(169105013, 'ADARSH GANGELE', 'CSE5A', 5, NULL),
(169105014, 'ADISHRI GUPTA', 'CSE5A', 5, NULL),
(169105015, 'ADITYA AGGARWAL', 'CSE5A', 5, NULL),
(169105016, 'ADITYA CHANDLA', 'CSE5A', 5, NULL),
(169105017, 'ADITYA MISRA', 'CSE5A', 5, NULL),
(169105018, 'ADITYA SHARMA', 'CSE5A', 5, NULL),
(169105019, 'AISHWARYA BHARGAVA', 'CSE5A', 5, NULL),
(169105020, 'AJAYSANTHOSH M', 'CSE5A', 5, NULL),
(169105021, 'AKANKSHA SINGHAL', 'CSE5A', 5, NULL),
(169105022, 'AKANKSHA YEDLA REDDY', 'CSE5A', 5, NULL),
(169105023, 'AKANSHA MOHAN', 'CSE5A', 5, NULL),
(169105024, 'AKASH AARON', 'CSE5A', 5, NULL),
(169105025, 'AKASH K P', 'CSE5A', 5, NULL),
(169105026, 'AKASH SHARMA', 'CSE5A', 5, NULL),
(169105027, 'AKASH SUBODH DIXIT', 'CSE5A', 5, NULL),
(169105028, 'AKHIL GUPTA', 'CSE5A', 5, NULL),
(169105029, 'AMAN CHAUDHARY', 'CSE5A', 5, NULL),
(169105229, 'AMAN GUPTA', 'CSE5A', 5, NULL),
(169108019, 'AMAN JAIN', 'CSE5A', 5, NULL),
(169105030, 'AMAN SAXENA', 'CSE5A', 5, NULL),
(169105031, 'AMRIT SHRIVASTAVA', 'CSE5A', 5, NULL),
(169109023, 'ANANAY BADIAL', 'CSE5A', 5, NULL),
(169105032, 'ANIKET KUMAR', 'CSE5A', 5, NULL),
(169105033, 'ANIKET MUKHERJEE', 'CSE5A', 5, NULL),
(169105034, 'ANIRUDDHA CHAKRAVARTY', 'CSE5A', 5, NULL),
(169105035, 'ANIRUDH MANCHIKANTI', 'CSE5A', 5, NULL),
(169105037, 'ANKIT MISRA', 'CSE5A', 5, NULL),
(169105039, 'ANKITA GUPTA', 'CSE5A', 5, NULL),
(169105040, 'ANKUR GUPTA', 'CSE5A', 5, NULL),
(169105041, 'ANMOL', 'CSE5A', 5, NULL),
(169105042, 'ANSHIKA CHUGH', 'CSE5A', 5, NULL),
(169108029, 'ANUBHAV', 'CSE5A', 5, NULL),
(169108030, 'ANUJ GUPTA', 'CSE5A', 5, NULL),
(169105043, 'ANURAG BISHT', 'CSE5A', 5, NULL),
(169105045, 'APOORV AGARWAL', 'CSE5A', 5, NULL),
(169105046, 'APURVA AGARWAL', 'CSE5A', 5, NULL),
(169105047, 'ARIPRA PANDEY', 'CSE5A', 5, NULL),
(169105048, 'ARNAB BASU', 'CSE5A', 5, NULL),
(169105049, 'ARNAV BHASIN', 'CSE5A', 5, NULL),
(169105050, 'ARPAN SONI', 'CSE5A', 5, NULL),
(169105051, 'ARPIT GUPTA', 'CSE5A', 5, NULL),
(169105052, 'ARSHPREET SINGH', 'CSE5A', 5, NULL),
(169105053, 'ARUNISHA GUPTA', 'CSE5A', 5, NULL),
(169105054, 'ARYAN KRISHNA', 'CSE5A', 5, NULL),
(169105055, 'ASHISH PATHAK', 'CSE5A', 5, NULL),
(169105056, 'AVANTIKA SHARMA', 'CSE5A', 5, NULL),
(169105057, 'AVESH KUMAR VERMA', 'CSE5A', 5, NULL),
(169105058, 'AVIRAL KUMAR', 'CSE5A', 5, NULL),
(169105067, 'BHAVYA SIKKA', 'CSE5A', 5, NULL),
(169108152, 'UPADHI MODI', 'CSE5A', 5, NULL),
(169107185, 'VAIBHAV SHARMA', 'CSE5A', 5, NULL),
(169108035, 'Ashna kumar', 'CSE5B', 5, NULL),
(169105059, 'AYUS CHINTAMANI SARANGI', 'CSE5B', 5, NULL),
(169105060, 'AYUSH KAKANI', 'CSE5B', 5, NULL),
(169105061, 'AYUSH MAHAJAN', 'CSE5B', 5, NULL),
(169105062, 'AYUSH SINGHAL', 'CSE5B', 5, NULL),
(169105063, 'AYUSHI YADAV', 'CSE5B', 5, NULL),
(169105065, 'B SHUBHANGI', 'CSE5B', 5, NULL),
(169105066, 'BHARATH REDDY NALLU', 'CSE5B', 5, NULL),
(169105068, 'CHAITANYA', 'CSE5B', 5, NULL),
(169105069, 'CHEBROLU RAVIKIRAN', 'CSE5B', 5, NULL),
(169105070, 'CHINMAY TRIVEDI', 'CSE5B', 5, NULL),
(169105072, 'DEEPANKAR VYAS', 'CSE5B', 5, NULL),
(169105073, 'dev kumar arora', 'CSE5B', 5, NULL),
(169105075, 'DEVAASHISH SHARMA', 'CSE5B', 5, NULL),
(169105076, 'DEVANSHU PURI', 'CSE5B', 5, NULL),
(169105077, 'DEVASHISH LAL', 'CSE5B', 5, NULL),
(169105078, 'DIVYAM KHORIA', 'CSE5B', 5, NULL),
(169105079, 'DIVYANSH KUMAR', 'CSE5B', 5, NULL),
(169105080, 'DRISHTI ROY', 'CSE5B', 5, NULL),
(169105081, 'EBBEY THOMAS', 'CSE5B', 5, NULL),
(169105082, 'FARAZ ANJUM', 'CSE5B', 5, NULL),
(169105083, 'GAGAN SIPANI', 'CSE5B', 5, NULL),
(169105085, 'HARSH AJAY SAREEN', 'CSE5B', 5, NULL),
(169105232, 'HARSHVARDHAN BISHNOI', 'CSE5B', 5, NULL),
(169108063, 'ISHAAN VERMA', 'CSE5B', 5, NULL),
(169105086, 'ISHANKUMAR RAJENDRA SANGANERIA', 'CSE5B', 5, NULL),
(169105087, 'JASPREET SINGH', 'CSE5B', 5, NULL),
(169105088, 'JAY GUPTA', 'CSE5B', 5, NULL),
(169105089, 'KANIKA JAIN', 'CSE5B', 5, NULL),
(169105090, 'KARAN RAHINWAL', 'CSE5B', 5, NULL),
(169105091, 'KARAN TYAGI', 'CSE5B', 5, NULL),
(169105092, 'KARTIK JINDGAR', 'CSE5B', 5, NULL),
(169105093, 'KAVLEEN SABHARWAL', 'CSE5B', 5, NULL),
(169105095, 'KEVIN THOMAS', 'CSE5B', 5, NULL),
(169105230, 'KOTHAPALLI B V PRASAD REDDY', 'CSE5B', 5, NULL),
(169105096, 'KRITIKA NAYYAR', 'CSE5B', 5, NULL),
(169105097, 'KSHITIJ AGRAWAL', 'CSE5B', 5, NULL),
(169105098, 'KSHITIJ VERMA', 'CSE5B', 5, NULL),
(169105099, 'KUHU AGARWAL', 'CSE5B', 5, NULL),
(169105100, 'KUSHAGRA VIKRAM SINGH', 'CSE5B', 5, NULL),
(169105101, 'MAHEEKA KAISTHA', 'CSE5B', 5, NULL),
(169105102, 'MAHEK AGARWAL', 'CSE5B', 5, NULL),
(169105103, 'MANAN RAJIV SAHNI', 'CSE5B', 5, NULL),
(169105105, 'MANISH RATAN AGRAWAL', 'CSE5B', 5, NULL),
(169105106, 'MEHUL JHAVER', 'CSE5B', 5, NULL),
(169105107, 'MIHIR MAHESH CHANDRAKAR', 'CSE5B', 5, NULL),
(169105108, 'MOHIT YADAV', 'CSE5B', 5, NULL),
(169105110, 'MOUSAM CHAKRABORTY', 'CSE5B', 5, NULL),
(169105111, 'MRIGANK SHEKHAR', 'CSE5B', 5, NULL),
(169105112, 'NAMAN KAPOOR', 'CSE5B', 5, NULL),
(169105113, 'NAMAN SHARMA', 'CSE5B', 5, NULL),
(169105115, 'NAMAN TEBAK', 'CSE5B', 5, NULL),
(169105116, 'nikhil tyagi', 'CSE5B', 5, NULL),
(169108108, 'pulkit gupta', 'CSE5B', 5, NULL),
(169108080, 'LOKESH DUGAR', 'CSE5C', 5, NULL),
(169105227, 'NAVNEET SINGH', 'CSE5C', 5, NULL),
(169105117, 'NISHANT JAIN', 'CSE5C', 5, NULL),
(169105118, 'OM ANAND', 'CSE5C', 5, NULL),
(169105119, 'OMKAR SHILPA KULKARNI', 'CSE5C', 5, NULL),
(169105120, 'PALLAPOTHU V S CHAKRADHAR', 'CSE5C', 5, NULL),
(169105121, 'PARIKSHIT AGARWAL', 'CSE5C', 5, NULL),
(169105122, 'PARTH CHETAN JAWALE', 'CSE5C', 5, NULL),
(169105123, 'PARTH SARTHI RAI', 'CSE5C', 5, NULL),
(169105125, 'PARTH SINGH MANHAS', 'CSE5C', 5, NULL),
(169108102, 'PIYUSH SINGLA', 'CSE5C', 5, NULL),
(169105126, 'PRASHANT SRIVASTAVA', 'CSE5C', 5, NULL),
(169105127, 'PRATEEK MISHRA', 'CSE5C', 5, NULL),
(169105128, 'PRATEEK SHARMA', 'CSE5C', 5, NULL),
(169105130, 'PRATYUSHA KARANAM', 'CSE5C', 5, NULL),
(169105131, 'PRERIT PATHAK', 'CSE5C', 5, NULL),
(169105132, 'PRITISH PRAVEEN SARKAR', 'CSE5C', 5, NULL),
(169108106, 'PRIYA GARG', 'CSE5C', 5, NULL),
(169105133, 'PRIYA LALWANI', 'CSE5C', 5, NULL),
(169105135, 'PRIYADARSHAN VIJAY', 'CSE5C', 5, NULL),
(169105136, 'PUSHPIT SATBIR KAUSHIK', 'CSE5C', 5, NULL),
(169105137, 'RAHUL SHARDA', 'CSE5C', 5, NULL),
(169105138, 'RAJEEB KUMAR BEHURA', 'CSE5C', 5, NULL),
(169105139, 'RAJESHWARI RAGHUWANSHI', 'CSE5C', 5, NULL),
(169105150, 'RAJUL SAXENA', 'CSE5C', 5, NULL),
(169105151, 'RANA UTKARSH VIKRAM SINGH', 'CSE5C', 5, NULL),
(169105152, 'RASHI SINGH', 'CSE5C', 5, NULL),
(169105228, 'RAVINA BAGDI', 'CSE5C', 5, NULL),
(169105153, 'RESHU PARSURAMKA', 'CSE5C', 5, NULL),
(169105155, 'RHYTHM BALOONI', 'CSE5C', 5, NULL),
(169105156, 'RISHABH GUPTA', 'CSE5C', 5, NULL),
(169105157, 'RISHABH MAHESHWARI', 'CSE5C', 5, NULL),
(169105158, 'RISHABH SINGH', 'CSE5C', 5, NULL),
(169105159, 'RITIK KAPOOR', 'CSE5C', 5, NULL),
(169105231, 'ROHAN PURI', 'CSE5C', 5, NULL),
(169110059, 'ROHAN SOOD', 'CSE5C', 5, NULL),
(169105160, 'SAI SAMPATH K', 'CSE5C', 5, NULL),
(169105161, 'SAIYAM JAIN', 'CSE5C', 5, NULL),
(169105162, 'SAMARTH SRIVASTAVA', 'CSE5C', 5, NULL),
(169105163, 'SANJEET SAINI', 'CSE5C', 5, NULL),
(169105165, 'SARANSH GUPTA', 'CSE5C', 5, NULL),
(169105166, 'SARTHAK CHAUHAN', 'CSE5C', 5, NULL),
(169105226, 'SARTHAK VERMA', 'CSE5C', 5, NULL),
(169105167, 'SASWAT RABINDRANATH SWAIN', 'CSE5C', 5, NULL),
(169105038, 'ANKIT YADAV', 'CSE5D', 5, NULL),
(169105233, 'ANMOL MITTAL', 'CSE5D', 5, NULL),
(169105205, 'SAHAL TANUJ SANDEEP', 'CSE5D', 5, NULL),
(169105168, 'SATHAPUR GAURAV REDDY', 'CSE5D', 5, NULL),
(169105169, 'SAURAV KUSHWAH', 'CSE5D', 5, NULL),
(169105170, 'SAWAN SANJAY SANCHETI', 'CSE5D', 5, NULL),
(169105171, 'SAYAM DHINGRA', 'CSE5D', 5, NULL),
(169105172, 'SHALEEN ARORA', 'CSE5D', 5, NULL),
(169105173, 'SHASHVAT MOHANE', 'CSE5D', 5, NULL),
(169105175, 'SHEFALI JAIN', 'CSE5D', 5, NULL),
(169105176, 'SHIVAM AGRAWAL', 'CSE5D', 5, NULL),
(169105225, 'SHIVAM ANANDA GHUNGARDE', 'CSE5D', 5, NULL),
(169105177, 'SHIVAM PRATAP SINGH', 'CSE5D', 5, NULL),
(169105178, 'SHIVAM SOLANKI', 'CSE5D', 5, NULL),
(169105179, 'SHIVANG SARAT', 'CSE5D', 5, NULL),
(169105180, 'SHIVANGI SONI', 'CSE5D', 5, NULL),
(169105181, 'SHIVENDU SHANDILYA', 'CSE5D', 5, NULL),
(169105182, 'SHLOK AGARWALLA', 'CSE5D', 5, NULL),
(169105183, 'SHRESHT SUNIL BHATIA', 'CSE5D', 5, NULL),
(169105185, 'SHRESTH SHARMA', 'CSE5D', 5, NULL),
(169105186, 'SHREYANSH MISHRA', 'CSE5D', 5, NULL),
(169105187, 'SHREYANSH MISHRA', 'CSE5D', 5, NULL),
(169105188, 'SHUBAM AGARWAL', 'CSE5D', 5, NULL),
(169105189, 'SHUBHAM MEHTA', 'CSE5D', 5, NULL),
(169105190, 'SHUBHAM SANJAY MOR', 'CSE5D', 5, NULL),
(169105191, 'SHYAM A TADA', 'CSE5D', 5, NULL),
(169105192, 'SIDDHARTH YADAV', 'CSE5D', 5, NULL),
(169105193, 'SOHAM DUBEY', 'CSE5D', 5, NULL),
(169105195, 'SOUMIK MALLIK', 'CSE5D', 5, NULL),
(169105196, 'SUBHANKIT SANJEEVKUMAR SINGH', 'CSE5D', 5, NULL),
(169105197, 'SUDEEP GUPTA', 'CSE5D', 5, NULL),
(169105198, 'SUGANDHI POHANI', 'CSE5D', 5, NULL),
(169105199, 'SYED AMJAD', 'CSE5D', 5, NULL),
(169105200, 'TAKSH HASIJA', 'CSE5D', 5, NULL),
(169105201, 'TANISHK MAHAJAN', 'CSE5D', 5, NULL),
(169105202, 'TANMAY ARORA', 'CSE5D', 5, NULL),
(169105206, 'TANYA AGARWAL', 'CSE5D', 5, NULL),
(169105207, 'TUSHAR GARG', 'CSE5D', 5, NULL),
(169107181, 'TUSHAR SADANA', 'CSE5D', 5, NULL),
(169105208, 'UDAYAN ATREYA', 'CSE5D', 5, NULL),
(169105209, 'UTKARSH MISHRA', 'CSE5D', 5, NULL),
(169105210, 'VAIBHAV GUPTA', 'CSE5D', 5, NULL),
(169105211, 'VAIBHAV KUMAR', 'CSE5D', 5, NULL),
(169105212, 'VANSH DHAR', 'CSE5D', 5, NULL),
(169105215, 'VIDHYANSHU JAIN', 'CSE5D', 5, NULL),
(169105216, 'VIKRAM SURYA', 'CSE5D', 5, NULL),
(169105217, 'VIVEK RAJ', 'CSE5D', 5, NULL),
(169105218, 'WASIM SAMSUL EKRAM', 'CSE5D', 5, NULL),
(169105220, 'YASH BHAVESH PATEL', 'CSE5D', 5, NULL),
(169105221, 'YASH DATTA', 'CSE5D', 5, NULL),
(169105222, 'YASH JAIN', 'CSE5D', 5, NULL),
(159108125, 'SHUBHAM RANA', 'CSE5D', 5, NULL);

-- --------------------------------------------------------

--
-- Table structure for table `subject`
--

DROP TABLE IF EXISTS `subject`;
CREATE TABLE IF NOT EXISTS `subject` (
  `subjectcode` varchar(8) NOT NULL,
  `subtype` varchar(4) NOT NULL,
  `subname` char(40) NOT NULL,
  PRIMARY KEY (`subjectcode`)
) ENGINE=MyISAM DEFAULT CHARSET=latin1;

--
-- Dumping data for table `subject`
--

INSERT INTO `subject` (`subjectcode`, `subtype`, `subname`) VALUES
('MA1307', '3', 'EM3'),
('CS1331', '3', 'DS LAB'),
('CS1332', '3', 'OOPJ LAB'),
('CS1301', '3', 'COA'),
('CS1302', '3', 'STLD'),
('CS1303', '3', 'DS'),
('CS1304', '3', 'OOPJ'),
('HS1301', '3', 'VEG'),
('CS1501', '5', 'DAA'),
('CS1502', '5', 'SE'),
('CS1504', '5', 'DCOM'),
('CS1505', '5', 'ACD'),
('CS1530', '5', 'DAA LAB'),
('CS 1535', '5', 'ACD LAB'),
('CS1532', '5', 'SE LAB'),
('CS1551', 'DE', 'LINUX SYSTEM AND SHELL PROGRAMMING'),
('CS1553', 'DE', 'DIGITAL IMAGE PROCESSING'),
('CC1551', 'DE', 'WEB TECHNOLOGIES'),
('CC 1552', 'DE', 'EMBEDDED SYSTEMS'),
('IT1551', 'DE', 'GRAPH THEORY'),
('IT1552', 'DE', 'PYTHON PROGRAMMING');

-- --------------------------------------------------------

--
-- Table structure for table `teacher`
--

DROP TABLE IF EXISTS `teacher`;
CREATE TABLE IF NOT EXISTS `teacher` (
  `fno` int(11) NOT NULL,
  `fname` char(20) NOT NULL,
  `phoneno` bigint(10) DEFAULT NULL,
  `password` varchar(10) DEFAULT NULL,
  `designation` int(1) DEFAULT NULL,
  `noofduties` int(1) NOT NULL DEFAULT '0',
  `time` timestamp NOT NULL DEFAULT CURRENT_TIMESTAMP,
  PRIMARY KEY (`fno`)
) ENGINE=MyISAM DEFAULT CHARSET=latin1;

--
-- Dumping data for table `teacher`
--

INSERT INTO `teacher` (`fno`, `fname`, `phoneno`, `password`, `designation`, `noofduties`, `time`) VALUES
(3, 'Anita Shotriya', NULL, NULL, 6, 4, '2018-08-25 10:00:00'),
(4, 'Saket Acharya', NULL, NULL, 6, 4, '2018-08-25 10:00:00'),
(6, 'Vineeta Soni', NULL, NULL, 4, 4, '2018-08-25 10:00:00'),
(9, 'Umashankar Rawat', NULL, NULL, 2, 0, '2018-08-25 10:00:00'),
(1, 'Manuja', NULL, NULL, 6, 4, '2018-08-25 10:00:00'),
(2, 'Arvind Pal', NULL, NULL, 6, 4, '2018-08-25 10:00:00'),
(5, 'Harish Sharma', 6, NULL, 6, 4, '2018-08-25 10:00:00'),
(7, 'Naina Narang', NULL, NULL, 6, 4, '2018-08-25 10:00:00'),
(8, 'Kulhari', NULL, NULL, 2, 0, '2018-08-25 10:00:00'),
(10, 'Manu', NULL, NULL, 6, 4, '2018-08-25 10:00:00');
COMMIT;

/*!40101 SET CHARACTER_SET_CLIENT=@OLD_CHARACTER_SET_CLIENT */;
/*!40101 SET CHARACTER_SET_RESULTS=@OLD_CHARACTER_SET_RESULTS */;
/*!40101 SET COLLATION_CONNECTION=@OLD_COLLATION_CONNECTION */;
